timestamp,pir,radar_conf,photo,score,threshold
99190,0,1,0.3422446,11,8
107199,0,1,0.341268,11,8
115230,0,0.125,0.340242632,7.75,8
151770,0,0.875,0.33553064,10.25,8
159910,0,0.125,0.3342123,6.5,8
301760,0,0.875,0.31176776,10.25,8
309800,1,1,0.31027084,10.625,8
370500,0,0.125,0.30060272,0,8
378620,0,0,0.29904026,0,8
386700,1,0,0.2978195,0,8
390760,0,0,0.29745328,0,8
398890,0,0,0.29484088,0,8
431310,0,0,0.29020214,0,8
443430,0,0,0.28790724,0,8
451540,0,0,0.28675972,0,8
455540,0,0,0.2860517,0,8
483851,0,0,0.27994812,0,8
524142,1,0,0.2716961,0,8
532220,0,0,0.27032882,0,8
536290,0,0.875,0.26940108,5.25,8
544320,1,0.125,0.26739908,5,8
548330,0,0,0.26681316,0,8
661530,0,0.875,0.23960018,8.2,8
669631,0,1,0.25602198,10.625,8
677710,0,0.25,0.23608452,6.2000004,8
681770,0,0.875,0.25297016,8,8
689732,0,1,0.25131,8.3,8
697820,0,1,0.2312749,6.8,8
705961,1,0.125,0.24643624,6.3142856,8
714041,0,0.875,0.245264352,6.4,8
718101,0,1,0.24433666,6.533334,8
726211,1,1,0.24306702,6.6400004,8
734291,1,0.125,0.24091864,6.28,8
738381,0,0.875,0.240259408,6.22,8
746491,0,0.125,0.23916072,6.16,8
754521,0,0,0.23742736,5.7400004,8
811099,0,0,0.20839852,0,8
819190,0,0.875,0.20683604,4.9,8
827270,1,0.125,0.22377962,4.4,8
1021241,0,0.875,0.16890514,8.2,8
1029330,0,0.375,0.19248032,5.8,8
1037450,1,0.25,0.19150376,5.2000004,8
1041450,0,0.375,0.19128406,5.05,8
1073809,0,0.125,0.16619522,0,8
1081970,1,0,0.16617078,0,8
1090020,0,0.875,0.16595102,4.4,8
1110290,0,0.125,0.16592658,0,8
1118500,0,0,0.1660487,0,8
1126700,0,0,0.16599983,0,8
1179170,0,0,0.16546273,0,8
1183190,0,0,0.16536504,0,8
1191190,0,0.875,0.1654383,4.2000004,8
1199300,0,1,0.189135552,5.05,8
1389420,1,1,0.15032578,8.8,8
1441840,0,0,0.14265966,0,8
1450000,0,0,0.14126802,0,8
1458030,1,0,0.13972992,0,8
1466050,0,0,0.13816738,0,8
1510620,0,1,0.13042802,8.8,8
1514650,0,0.125,0.15891969,5.5,8
1522680,0,0,0.15708858,4.6,8
1530800,0,0.875,0.1541344,5.2000004,8
1535090,0,0.125,0.1533776,4.84,8
1543100,1,0,0.15127796,4.5,8
1551250,0,0,0.14995956,4.2571424,8
1555331,0,0,0.14937359,4.0750004,8
1571550,0,0.875,0.11871821,8.2,8
1575630,0,1,0.14600438,8.5,8
1583720,0,1,0.1446616,8.6,8
1591880,0,1,0.1430015,8.650001,8
1600030,0,1,0.14165866,8.68,8
1608110,0,1,0.13992524,8.7,8
1612130,0,1,0.13911956,8.714286,8
1620430,0,1,0.13775236,8.725,8
1628441,0,1,0.13616544,8.733333,8
1636551,0,1,0.13494474,8.740001,8
1644561,1,1,0.13462728,8.8,8
1648600,0,1,0.1339925,8.8,8
1656651,0,1,0.13284504,8.8,8
1664741,0,1,0.13164878,8.8,8
1761730,0,1,0.09186238,8.8,8
1802190,0,1,0.08719921,8.8,8
1810290,0,1,0.11801022,8.8,8
1818430,1,1,0.11652094,8.8,8
1822450,0,1,0.115593192,8.8,8
1830590,0,1,0.11466545,8.8,8
1850840,0,1,0.081364152,8.8,8
1854890,0,1,0.11185783,8.8,8
1863000,0,1,0.11061263,8.8,8
1871080,1,1,0.10883039,8.8,8
1875070,0,1,0.108171224,8.8,8
1883161,0,1,0.10687721,8.8,8
1891191,0,1,0.106022712,8.8,8
1903330,0,1,0.10380107,8.8,8
1907330,0,1,0.10353249,8.8,8
1915360,0,1,0.10267794,8.8,8
1927420,0,1,0.10050511,8.8,8
1935480,0,1,0.09952849,8.8,8
1943530,0,1,0.098600744,8.8,8
1951650,0,1,0.097209152,8.8,8
1960040,1,1,0.095841944,8.8,8
1964130,0,1,0.09525597,8.8,8
1972170,0,1,0.09415734,8.8,8
1980345,0,1,0.091935632,8.8,8
1988371,1,1,0.090788132,8.8,8
1992381,0,1,0.09034866,8.8,8
2000402,0,1,0.08895707,8.8,8
2008481,0,1,0.08732128,8.8,8
2024780,1,1,0.054419756,8.8,8
2032900,0,1,0.08392763,8.8,8
2036902,0,1,0.08319521,8.8,8
2085690,0,1,0.041846336,8.8,8
2093810,0,1,0.07628596,8.8,8
2101860,0,0.875,0.07460135,8.6,8
2110240,0,1,0.07286793,8.650001,8
2114300,0,1,0.07247734,8.68,8
2122416,0,1,0.07135421,8.7,8
2130520,0,1,0.07010913,8.714286,8
2138660,0,1,0.068790732,8.725,8
2162930,0,1,0.03134811,8.8,8
2235800,0,1,0.022314786,8.8,8
2243890,0,1,0.060108304,8.8,8
2252060,0,1,0.05900967,8.8,8
2280610,0,1,0.018432916,8.8,8
2337160,0,1,0.0135988,8.8,8
2575609,0,0.875,0,8.2,8
2579660,0,0.75,0.035913648,7.9,8
2587770,0,1,0.033814012,8.2,8
2595850,1,0.125,0.032544434,6.1,8
2599900,0,0.375,0.030786634,5.8,8
2607990,0,0.125,0.02919966,5.4,8
2616120,0,0.875,0.02756387,5.6285716,8
2624170,0,1,0.026001394,5.875,8
2628171,0,1,0.026001394,6.066667,8
2636311,0,1,0.02465856,6.2200004,8
2644484,1,1,0.022998392,6.28,8
2648862,0,1,0.022119522,6.4,8
2656691,0,1,0.021167278,6.4,8
2664931,0,1,0.020410478,6.8199996,8
2673031,1,1,0.019238592,7.12,8
2681163,0,1,0.017724932,8.740001,8
2685241,0,1,0.01699245,8.8,8
2693381,1,1,0.016552984,8.8,8
2697462,0,1,0.016382098,8.8,8
2705551,0,1,0.015063703,8.8,8
2713561,1,1,0.01396507,8.8,8
2721741,0,1,0.012817562,8.8,8
2871319,0,1,0,8.8,8
2879420,1,1,0.0042969584,8.8,8
2883490,0,1,0.004174888,8.8,8
3154629,0,1,0,8.8,8
3158729,0,0.125,0,5.5,8
3166789,1,0.875,0,6,8
3174920,0,1,0,6.4,8
3178959,0,0.5,0,6.16,8
3187029,0,0,0,5.6,8
3195120,1,0.25,0,5.371429,8
3199120,0,1,0,5.65,8
3243649,1,1,0,8.8,8
3393439,1,1,0,8.8,8
3401559,0,1,0,8.8,8
3405559,0,0.125,0,6.2000004,8
3620209,0,0,0,0,8
3628329,1,0.875,0,4.9,8
3636479,0,0.125,0,4.4,8
3640559,0,0.875,0,5.05,8
3648689,0,0.125,0,4.7200004,8
3656799,1,0,0,4.4,8
3661070,0,0,0,4.1714288,8
3668980,0,0,0,4,8
3693269,1,0,0,0,8
3701389,0,0.625,0,2.7,8
3705419,0,0.875,0,5.2000004,8
3713579,0,0.125,0,4.75,8
3721692,1,0,0,4.36,8
3725755,0,0.875,0,4.8,8
3774169,0,0.125,0,0,8
3782279,0,0.875,0,5.2000004,8
3794484,1,1,0,8.8,8
3802541,0,1,0,8.8,8
3806579,0,1,0,8.8,8
3822999,0,1,0,8.8,8
3827069,0,1,0,8.8,8
3835129,0,1,0,8.8,8
3843249,0,1,0,8.8,8
3851329,0,1,0,8.8,8
3859412,0,1,0,8.8,8
3964749,0,1,0,8.8,8
3976879,1,1,0,8.8,8
3980979,0,1,0,8.8,8
3989049,0,1,0,8.8,8
3997129,1,1,0,8.8,8
4001199,0,1,0,8.8,8
4009219,0,1,0,8.8,8
4017331,0,1,0,8.8,8
4021370,0,1,0,8.8,8
4029450,0,1,0,8.8,8
4037620,1,1,0,8.8,8
4045770,0,1,0,8.8,8
4049770,0,1,0,8.8,8
4065939,0,1,0,8.8,8
4073999,0,1,0,8.8,8
4082161,1,0.75,0,8.400001,8
4086161,0,1,0,8.5,8
4126779,0,1,0,8.8,8
4134849,1,1,0,8.8,8
4143029,0,1,0,8.8,8
4147099,0,1,0,8.8,8
4155229,0,1,0,8.8,8
4163369,0,1,0,8.8,8
4471779,0,0.125,0,0,8
4552609,0,0.875,0,8.2,8
4556699,0,0.125,0,5.2000004,8
4564839,1,0.875,0,5.8,8
4569019,0,1,0,6.25,8
4577071,0,0.625,0,6.16,8
4585162,0,0.875,0,6.3,8
4593291,0,0.125,0,5.8857144,8
4653959,0,0,0,0,8
4662019,1,0.875,0,4.9,8
4666079,0,1,0,5.8,8
4702559,0,1,0,8.8,8
4706639,0,0.875,0,8.5,8
4714729,0,0,0,5.8,8
4722790,1,0.875,0,6.1,8
4730909,0,1,0,6.4,8
4743039,0,0.125,0,0,8
4747099,0,0.125,0,0,8
4755209,0,0.125,0,0,8
4763339,1,0,0,0,8
4767339,0,0.875,0,4,8
4775520,1,0.125,0,0,8
4783599,0,0,0,0,8
4787659,0,0,0,0,8
4795850,0,0,0,0,8
4799950,0,0,0,0,8
4808020,0,0.875,0,0,8
4816150,1,0.125,0,0,8
4820180,0,0.125,0,0,8
4832324,0,0.125,0,0,8
4840409,0,0,0,0,8
4913389,0,0,0,0,8
4917479,0,0,0,0,8
5103459,0,0,0,0,8
5111619,1,0,0,0,8
5115679,0,0,0,0,8
5123849,0,0,0,0,8
5131989,0,0,0,0,8
5140079,0,0,0,0,8
5144149,0,1,0,0,8
5152250,0,1,0,4,8
5160290,0,1,0,4.4,8
5224759,0,1,0,8.8,8
5228779,0,1,0,8.8,8
5313689,1,0.125,0,0,8
5321779,0,0.875,0,5.2000004,8
5326049,0,1,0,6,8
5463829,1,0.125,0,0,8
5471909,0,0,0,0,8
5476149,0,0,0,0,8
5536419,0,0,0,0,8
5544489,0,0,0,0,8
5552519,0,0.25,0,0,8
5560599,1,0,0,0,8
5568709,0,0,0,0,8
5576769,0,0,0,0,8
5584859,0,0,0,0,8
5592972,0,0.875,0,0,8
5597089,0,1,0,0,8
5605180,0,1,0,4.3,8
5613280,1,1,0,4.78,8
5661919,0,0.125,0,0,8
5665969,0,0.875,0,5.2000004,8
5674049,0,1,0,6,8
5682090,0,1,0,6.4,8
5686470,0,1,0,6.6400004,8
5694570,0,0.625,0,6.5,8
5702690,1,0.875,0,6.571429,8
5706790,0,1,0,6.7000004,8
5735039,0,1,0,8.8,8
5739129,0,1,0,8.8,8
5747199,0,1,0,8.8,8
5755369,1,1,0,8.8,8
5759419,0,1,0,8.8,8
5767439,0,1,0,8.8,8
5775530,0,1,0,8.8,8
5795769,0,0.75,0,7.6,8
5913160,0,1,0,8.8,8
5945589,0,1,0,8.8,8
6062899,0,1,0,8.8,8
6071099,1,1,0,8.8,8
6083289,1,1,0,8.8,8
6087339,0,1,0,8.8,8
6095429,0,1,0,8.8,8
6103519,1,0.125,0,6.55,8
6107520,0,0.875,0,6.6400004,8
6115609,0,1,0,6.8,8
6123690,0,1,0,6.914285,8
6184380,0,1,0,8.8,8
6423149,0,1,0,8.8,8
6431199,1,0.625,0,6.7000004,8
6439259,0,1,0,7,8
6443499,0,1,0,7.15,8
6451559,0,0,0,6.28,8
6459670,1,0,0,5.7000004,8
6463690,0,0,0,5.2857148,8
6471790,0,1,0,5.5750004,8
6479820,1,1,0,5.8,8
6483905,0,1,0,5.9800004,8
6491980,0,1,0,5.9800004,8
6500025,1,1,0,6.1600004,8
6504115,0,1,0,6.1600004,8
6512130,0,0.75,0,6.0400004,8
6520180,1,0.875,0,6.46,8
6528240,0,1,0,6.94,8
6694339,1,1,0,8.8,8
6698369,0,1,0,8.8,8
6706499,0,1,0,8.8,8
6714629,0,0.5,0,7,8
6933049,0,1,0,8.8,8
6941139,0,1,0,8.8,8
6949289,1,1,0,8.8,8
6953309,0,1,0,8.8,8
6961469,0,1,0,8.8,8
7082609,0,1,0,8.8,8
7324959,1,1,0,8.8,8
7333129,0,1,0,8.8,8
7337209,0,1,0,8.8,8
7345309,0,1,0,8.8,8
7353371,1,1,0,8.8,8
7357439,0,1,0,8.8,8
7365520,0,1,0,8.8,8
7373620,0,0.125,0,7.07500036,8
7381780,0,0.875,0,7.066667,8
7385790,0,1,0,7.12,8
7393890,1,1,0,7.12,8
7402030,0,1,0,7.12,8
7592529,0,1,0,8.8,8
7600634,0,1,0,8.8,8
7608749,1,1,0,8.8,8
7616869,0,0.5,0,7,8
7620929,0,0.875,0,7,8
7629030,1,1,0,7.1,8
7637130,0,1,0,7.1714284,8
7641235,0,1,0,7.225,8
7649310,0,1,0,7.2666668,8
7657870,0,1,0,7.3,8
7686032,0,1,0,8.8,8
7690109,0,0.625,0,6.7000004,8
7698179,0,1,0,7,8
7706259,1,1,0,7.15,8
7714290,0,1,0,7.2400004,8
7726499,0,1,0,8.8,8
7734719,0,1,0,8.8,8
7738824,0,1,0,8.8,8
7747029,1,1,0,8.8,8
7755119,0,0.25,0,6.8800008,8
7759149,0,1,0,7,8
7767310,1,1,0,7.085715,8
7775420,0,1,0,7.15,8
7908935,1,1,0,8.8,8
7917049,0,1,0,8.8,8
7921109,0,1,0,8.8,8
7929269,1,1,0,8.8,8
7937299,0,1,0,8.8,8
7941309,0,1,0,8.8,8
7949440,0,1,0,8.8,8
7957570,0,1,0,8.8,8
7965640,0,0.125,0,7.1333336,8
7969665,0,0.875,0,7.12,8
7977810,0,0.75,0,7,8
7985990,0,1,0,7,8
7990070,0,1,0,7,8
7998161,0,1,0,7,8
8006262,0,1,0,7,8
8010340,0,1,0,7,8
8018440,1,1,0,7,8
8026520,0,0.125,0,6.5800004,8
8030540,0,0.25,0,6.6400004,8
8042749,0,0.875,0,8.2,8
8050790,0,1,0,8.5,8
8058849,0,0.625,0,6.8,8
8066899,0,0.875,0,8.05,8
8224599,0,1,0,8.8,8
8232659,1,1,0,8.8,8
8236750,0,1,0,8.8,8
8244759,0,1,0,8.8,8
8252859,0,1,0,8.8,8
8260929,1,1,0,8.8,8
8402589,0,1,0,8.8,8
8406701,0,1,0,8.8,8
8414639,0,1,0,8.8,8
8422809,1,1,0,8.8,8
8426909,0,1,0,8.8,8
8435051,0,1,0,8.8,8
8580819,0,1,0,8.8,8
8588959,0,1,0,8.8,8
8597129,0,1,0,8.8,8
8613269,0,1,0,8.8,8
8621439,0,0.125,0,5.5,8
8629619,1,0.875,0,6,8
8633719,0,0.125,0,5.35,8
8674179,0,0.875,0,8.2,8
8682279,0,1,0,8.5,8
9244369,0,1,0,8.8,8
9252389,1,1,0,8.8,8
9256479,0,1,0,8.8,8
9264569,0,1,0,8.8,8
9272679,1,1,0,8.8,8
9276859,0,1,0,8.8,8
9284930,0,1,0,8.8,8
9292980,0,0.75,0,8.650001,8
9301090,0,1,0,8.666667,8
9600369,0,1,0,8.8,8
9608439,0,1,0,8.8,8
9665269,1,1,0,8.8,8
9673359,0,1,0,8.8,8
9677429,0,1,0,8.8,8
9685539,0,1,0,8.8,8
9693609,1,0.375,0,7,8
9701690,0,0.875,0,7,8
9705710,0,0.125,0,6.485715,8
9713880,1,0.875,0,6.55,8
9754399,0,1,0,8.8,8
9762499,0,1,0,8.8,8
10203449,0,1,0,8.8,8
10211599,0,1,0,8.8,8
10219669,1,1,0,8.8,8
10223679,0,1,0,8.8,8
10506929,1,1,0,8.8,8
10510994,0,1,0,8.8,8
10519069,0,1,0,8.8,8
10527179,0,1,0,8.8,8
10563439,0,1,0,8.8,8
10571519,0,1,0,8.8,8
10579589,0,1,0,8.8,8
10587719,1,1,0,8.8,8
10595739,0,1,0,8.8,8
10599799,0,1,0,8.8,8
10607920,1,1,0,8.8,8
10611940,0,1,0,8.8,8
10620070,0,1,0,8.8,8
10628090,1,1,0,8.8,8
10636261,0,1,0,8.8,8
10640290,0,0.125,0,7.1800002,8
10648430,0,0.125,0,6.7599996,8
10867129,0,0.875,0,8.2,8
10871169,0,1,0,8.5,8
10879259,0,1,0,8.6,8
10887359,1,1,0,8.650001,8
10895469,0,1,0,8.68,8
10899500,0,1,0,8.7,8
10923759,0,1,0,8.8,8
10931849,0,1,0,8.8,8
10939869,0,1,0,8.8,8
10947929,1,1,0,8.8,8
10951999,0,1,0,8.8,8
11016619,0,1,0,8.8,8
11020679,0,1,0,8.8,8
11028859,0,1,0,8.8,8
11036969,1,1,0,8.8,8
11041029,0,1,0,8.8,8
11231029,0,1,0,8.8,8
11239161,1,1,0,8.8,8
11247259,0,1,0,8.8,8
11251279,0,1,0,8.8,8
11259299,0,1,0,8.8,8
11267390,1,1,0,8.8,8
11312059,0,1,0,8.8,8
11320159,0,1,0,8.8,8
11328249,0,1,0,8.8,8
11336374,1,1,0,8.8,8
11340439,0,1,0,8.8,8
11348539,0,1,0,8.8,8
11356690,0,1,0,8.8,8
11364790,1,1,0,8.8,8
11368895,0,1,0,8.8,8
11376990,0,1,0,8.8,8
11385100,0,1,0,8.8,8
11405209,1,1,0,8.8,8
11413369,0,1,0,8.8,8
11421440,0,1,0,8.8,8
11494209,0,1,0,8.8,8
11502389,0,1,0,8.8,8
11510509,1,1,0,8.8,8
11514519,0,1,0,8.8,8
11526671,0,1,0,8.8,8
11530769,0,1,0,8.8,8
11538909,0,1,0,8.8,8
11547029,1,1,0,8.8,8
11551069,0,1,0,8.8,8
11975869,0,1,0,8.8,8
11983939,1,1,0,8.8,8
11987969,0,1,0,8.8,8
11996009,0,1,0,8.8,8
12004059,0,1,0,8.8,8
12012209,0,1,0,8.8,8
12016249,0,1,0,8.8,8
12024340,0,1,0,8.8,8
12214569,0,1,0,8.8,8
12222679,0,1,0,8.8,8
12230679,1,1,0,8.8,8
12238779,0,1,0,8.8,8
12246839,1,1,0,8.8,8
12250959,0,0.25,0,7,8
12259120,0,1,0,7.085715,8
12267210,1,0.75,0,7,8
12271200,0,1,0,7.066667,8
12279300,0,0.125,0,6.7000004,8
12287350,1,0,0,6.2200004,8
12291370,0,0.875,0,6.1600004,8
12299440,0,1,0,6.1600004,8
12307590,0,0.125,0,5.7400004,8
12311630,0,0,0,5.2599996,8
12319770,0,0,0,5.1400004,8
12327830,1,0.875,0,5.08,8
12335880,0,0.125,0,4.78,8
12339950,0,0,0,4.3,8
12424989,0,0.875,0,8.2,8
12433049,0,1,0,8.5,8
12441161,0,1,0,8.6,8
12445179,0,1,0,8.650001,8
12453519,0,1,0,8.68,8
12461430,1,1,0,8.7,8
12469540,0,1,0,8.714286,8
12473675,0,0.25,0,7.07500036,8
12481740,0,0,0,6.6,8
12489810,0,0.875,0,6.6400004,8
12586949,1,0.125,0,0,8
12595049,0,0.875,0,5.2000004,8
12599109,0,1,0,6,8
12607179,1,1,0,6.4,8
12615190,0,1,0,6.6400004,8
12619239,0,0.75,0,6.6,8
12627290,1,1,0,6.7428576,8
12635401,0,0.875,0,6.775,8
12639470,0,0.375,0,6.533334,8
12647590,1,1,0,6.6400004,8
12667787,0,1,0,8.8,8
12671889,0,1,0,8.8,8
12679999,0,1,0,8.8,8
12688039,1,1,0,8.8,8
12692099,0,1,0,8.8,8
12700249,0,1,0,8.8,8
12708360,1,1,0,8.8,8
12712421,0,0.75,0,8.650001,8
12720511,1,0.125,0,7,8
12728640,0,0.875,0,7,8
12736720,0,1,0,7,8
12744740,1,1,0,7,8
12748770,0,1,0,7,8
12756870,0,1,0,7,8
12784999,0,1,0,8.8,8
12793149,0,1,0,8.8,8
12801289,1,1,0,8.8,8
12805369,0,1,0,8.8,8
13161369,1,1,0,8.8,8
13169379,0,1,0,8.8,8
13238279,0,1,0,8.8,8
13512719,0,1,0,8.8,8
13520869,0,1,0,8.8,8
13528900,1,1,0,8.8,8
13532989,0,1,0,8.8,8
13541030,0,0.125,0,6.7599996,8
13549119,0,0.875,0,6.8,8
13808391,0,1,0,8.8,8
13812489,0,0.125,0,5.5,8
13820629,0,0.375,0,5.2000004,8
13828759,1,0.875,0,5.65,8
13836879,0,1,0,6.0400004,8
13841010,0,0.125,0,5.6,8
13849140,0,0.875,0,5.8000008,8
13857310,1,1,0,6.0250008,8
13861335,0,1,0,6.2000004,8
13869401,0,0.375,0,6.0400004,8
13877500,0,0.125,0,5.62,8
13885640,1,0,0,5.56,8
13889660,0,0,0,5.38,8
13897750,0,0,0,4.96,8
13905840,1,0.25,0,4.6000004,8
13909890,0,0.875,0,4.96,8
13918000,0,1,0,5.02,8
13926050,0,1,0,5.02,8
13986849,1,1,0,8.8,8
13994949,1,1,0,8.8,8
13999059,0,1,0,8.8,8
14007161,0,1,0,8.8,8
14015259,1,1,0,8.8,8
14019319,0,1,0,8.8,8
14027400,0,1,0,8.8,8
14035450,0,1,0,8.8,8
14039480,0,1,0,8.8,8
14213749,0,1,0,8.8,8
14217829,0,1,0,8.8,8
14225979,0,1,0,8.8,8
14234099,0,0.125,0,6.55,8
14238130,0,0.875,0,6.6400004,8
14246170,0,1,0,6.8,8
14254360,0,1,0,6.914285,8
14258260,0,1,0,7,8
14266400,0,1,0,7.066667,8
14375279,0,1,0,8.8,8
14383379,0,1,0,8.8,8
14391509,0,1,0,8.8,8
14395609,0,1,0,8.8,8
14403699,1,1,0,8.8,8
14411750,0,1,0,8.8,8
14415720,0,1,0,8.8,8
14423780,0,1,0,8.8,8
14512819,0,1,0,8.8,8
14520918,1,1,0,8.8,8
14528979,1,1,0,8.8,8
14533109,0,0.125,0,6.55,8
14541170,0,0.25,0,6.0400004,8
14549189,0,1,0,6.3,8
14553290,0,0.625,0,6.2285716,8
14707079,1,0.875,0,8.2,8
14711079,0,1,0,8.5,8
14767689,1,1,0,8.8,8
14775729,0,1,0,8.8,8
14779829,0,1,0,8.8,8
14787909,0,1,0,8.8,8
14795994,1,1,0,8.8,8
14800035,0,1,0,8.8,8
14808090,0,1,0,8.8,8
14816140,0,0.125,0,7.07500036,8
14820195,0,0,0,6.6,8
14828380,0,0.875,0,6.6400004,8
14836530,1,1,0,6.6400004,8
14840540,0,1,0,6.6400004,8
14848570,0,1,0,6.6400004,8
14856640,0,1,0,6.6400004,8
14864700,0,1,0,6.6400004,8
14868700,0,1,0,6.6400004,8
14876810,0,1,0,6.6400004,8
14884900,0,1,0,7.06,8
14893010,0,1,0,8.740001,8
14901100,1,1,0,8.8,8
14905180,0,1,0,8.8,8
15038839,0,1,0,8.8,8
15042939,0,0.125,0,5.5,8
15051049,0,0,0,4.6,8
15059079,1,0.75,0,5.05,8
15063120,0,1,0,5.56,8
15071289,0,1,0,5.9,8
15079460,0,1,0,6.142857,8
15083540,0,1,0,6.3250004,8
15395459,0,1,0,8.8,8
15403589,0,0.125,0,5.5,8
15411749,0,0.875,0,6,8
15415849,0,1,0,6.4,8
15424099,0,1,0,6.6400004,8
15545679,0,1,0,8.8,8
15553839,1,1,0,8.8,8
15727519,0,1,0,8.8,8
16464419,0,1,0,8.8,8
16472479,0,1,0,8.8,8
16557719,1,1,0,8.8,8
16565789,0,0.125,0,5.5,8
16569880,0,0,0,4.6,8
16577921,1,0.875,0,5.2000004,8
16586009,0,1,0,5.6800004,8
17379569,0,1,0,8.8,8
17383589,0,1,0,8.8,8
17391699,1,1,0,8.8,8
17395724,0,1,0,8.8,8
17403814,0,1,0,8.8,8
17411849,1,1,0,8.8,8
17419990,0,1,0,8.8,8
17423990,0,1,0,8.8,8
17432100,0,1,0,8.8,8
17671109,0,0.5,0,4.8,8
17679229,0,0.875,0,6.1,8
17687349,1,1,0,6.6,8
17691409,0,1,0,6.85,8
17966919,1,1,0,8.8,8
18290179,0,1,0,8.8,8
18294454,0,1,0,8.8,8
18306529,1,1,0,8.8,8
18310629,0,1,0,8.8,8
18318699,0,1,0,8.8,8
18326899,0,0.125,0,6.55,8
18330959,0,0,0,5.8,8
18387779,0,0.875,0,8.2,8
18395869,0,0.125,0,5.2000004,8
18517639,0,0.375,0,4.2000004,8
18525799,1,0.125,0,2.4,8
18529889,0,0.875,0,5,8
18538019,0,1,0,5.65,8
18546129,0,1,0,6.0400004,8
18695859,0,1,0,8.8,8
18703909,0,0.125,0,5.5,8
18711969,0,0.875,0,6,8
18720109,0,0.125,0,5.35,8
18817559,1,0.125,0,0,8
18825679,0,0,0,0,8
18829749,0,0,0,0,8
18837879,0,0.5,0,0,8
18939089,0,0.875,0,8.2,8
18943149,0,1,0,8.5,8
18951249,0,0.125,0,6,8
18959629,0,0.75,0,6.1,8
18963660,0,0.625,0,6.0400004,8
18971740,0,0.875,0,6.2000004,8
18979870,1,1,0,6.4,8
18987950,0,1,0,6.55,8
19016249,0,1,0,8.8,8
19024339,0,1,0,8.8,8
19032389,1,1,0,8.8,8
19040499,0,1,0,8.8,8
19198279,0,1,0,8.8,8
19206399,0,1,0,8.8,8
19214489,1,1,0,8.8,8
19222559,1,1,0,8.8,8
19226569,0,1,0,8.8,8
19234699,0,1,0,8.8,8
19351879,1,1,0,8.8,8
19356089,0,1,0,8.8,8
19364159,0,1,0,8.8,8
19372299,1,1,0,8.8,8
19376309,0,1,0,8.8,8
19384339,0,1,0,8.8,8
19392381,1,1,0,8.8,8
19400484,0,1,0,8.8,8
19404480,0,1,0,8.8,8
19412540,0,1,0,8.8,8
19420630,0,1,0,8.8,8
19424690,0,1,0,8.8,8
19432740,0,1,0,8.8,8
19440800,0,1,0,8.8,8
19448945,1,1,0,8.8,8
19452951,0,1,0,8.8,8
19461120,0,1,0,8.8,8
19469130,1,1,0,8.8,8
19477220,0,1,0,8.8,8
19481290,0,1,0,8.8,8
19489370,0,1,0,8.8,8
19497520,1,1,0,8.8,8
19501580,0,1,0,8.8,8
19509631,0,1,0,8.8,8
19517770,1,1,0,8.8,8
19525860,0,1,0,8.8,8
19529930,0,1,0,8.8,8
19537980,0,1,0,8.8,8
19566350,0,1,0,8.8,8
19574411,0,1,0,8.8,8
19582519,1,1,0,8.8,8
19590500,0,1,0,8.8,8
19659189,0,1,0,8.8,8
19663289,0,1,0,8.8,8
19671369,0,1,0,8.8,8
19679459,1,1,0,8.8,8
19687570,0,1,0,8.8,8
19691609,0,1,0,8.8,8
19699700,0,1,0,8.8,8
19708000,1,1,0,8.8,8
19715890,0,1,0,8.8,8
19719840,0,1,0,8.8,8
19986999,0,1,0,8.8,8
19995049,0,1,0,8.8,8
20019150,1,1,0,8.8,8
20027439,0,1,0,8.8,8
20047689,0,1,0,8.8,8
20055789,1,1,0,8.8,8
20063839,1,1,0,8.8,8
20647729,0,1,0,8.8,8
20655829,0,1,0,8.8,8
20659909,0,1,0,8.8,8
20667989,0,1,0,8.8,8
20736649,0,1,0,8.8,8
20886539,0,1,0,8.8,8
20890601,0,1,0,8.8,8
20898690,1,1,0,8.8,8
20906799,0,1,0,8.8,8
20910809,0,1,0,8.8,8
20918859,0,1,0,8.8,8
20927050,0,1,0,8.8,8
20931060,0,1,0,8.8,8
20939120,0,1,0,8.8,8
20947240,0,1,0,8.8,8
21367879,0,1,0,8.8,8
21607089,0,1,0,8.8,8
21615109,0,1,0,8.8,8
21623260,1,1,0,8.8,8
21627299,0,1,0,8.8,8
21635434,0,1,0,8.8,8
21643540,1,0.375,0,7.1,8
21647600,0,0.875,0,7.085715,8
21655730,0,1,0,7.15,8
21663750,0,1,0,7.2000002,8
21671810,0,1,0,7.2400004,8
21675890,0,1,0,7.2400004,8
21683970,0,1,0,7.2400004,8
21692090,1,1,0,7.2400004,8
21696240,0,1,0,7.2400004,8
21704190,0,1,0,7.2400004,8
21712340,0,1,0,8.740001,8
21720470,0,1,0,8.8,8
21724530,0,1,0,8.8,8
21732720,0,1,0,8.8,8
21740795,0,1,0,8.8,8
21748800,1,1,0,8.8,8
21756860,0,1,0,8.8,8
21761030,0,1,0,8.8,8
22121009,0,1,0,8.8,8
22125119,0,1,0,8.8,8
22133199,0,1,0,8.8,8
22141249,1,1,0,8.8,8
22145249,0,1,0,8.8,8
22153430,0,1,0,8.8,8
22177549,0,1,0,8.8,8
22185649,0,1,0,8.8,8
22193659,0,0.125,0,6.2000004,8
22197689,0,0.875,0,6.4,8
22205789,0,0.125,0,5.8,8
22213880,0,0.875,0,6,8
22217920,0,0.125,0,5.6285716,8
22226090,0,0.875,0,5.8,8
22270650,0,1,0,8.8,8
22274680,0,0,0,5.2000004,8
22282759,1,0,0,4.4,8
22290919,0,0,0,0,8
22295009,0,0,0,0,8
22303139,0,0,0,0,8
22311280,1,0,0,0,8
22315319,0,0,0,0,8
22598429,0,0,0,0,8
22606569,0,0,0,0,8
22614729,1,0,0,0,8
22618749,0,0,0,0,8
22626889,0,0,0,0,8
22634999,1,0,0,0,8
22643070,0,0,0,0,8
22647119,0,0,0,0,8
22913800,1,1,0,8.8,8
22921894,0,1,0,8.8,8
22926009,0,1,0,8.8,8
22934149,1,1,0,8.8,8
22938149,0,1,0,8.8,8
22946190,0,1,0,8.8,8
22958429,0,1,0,8.8,8
22962450,0,1,0,8.8,8
22970584,0,1,0,8.8,8
22978649,0,1,0,8.8,8
22982679,0,1,0,8.8,8
22990740,0,1,0,8.8,8
23051510,0,1,0,8.8,8
23055439,0,1,0,8.8,8
23063559,1,1,0,8.8,8
23067619,0,1,0,8.8,8
23075749,0,1,0,8.8,8
23083910,1,1,0,8.8,8
23091969,0,1,0,8.8,8
23096070,0,1,0,8.8,8
23104120,1,0.125,0,7.1333336,8
23112320,0,0.875,0,7.12,8
23116200,0,1,0,7.12,8
23124320,0,1,0,7.12,8
23132360,1,1,0,7.12,8
23140450,0,1,0,7.12,8
23144530,0,1,0,7.12,8
23152600,1,1,0,7.12,8
23156660,0,1,0,7.12,8
23164800,0,1,0,7.12,8
23172890,1,0,0,7.06,8
23181040,1,0,0,6.6400004,8
23185070,0,0,0,6.16,8
23193180,0,0,0,5.6800004,8
23201720,0,0,0,5.2000004,8
23205480,0,0,0,4.7200004,8
23213615,0,0,0,4.2400004,8
23221754,0,0,0,0,8
23286330,1,1,0,8.8,8
23294309,0,0.125,0,5.5,8
23298379,0,0,0,4.6,8
23350889,0,1,0,8.8,8
23354989,0,1,0,8.8,8
23363059,0,0.375,0,6.6,8
23371139,0,0,0,5.65,8
23375169,0,0,0,5.08,8
23383270,0,0,0,4.7000004,8
23391370,1,0,0,4.428571,8
23395450,0,0,0,4.225,8
23403570,0,0,0,4.066667,8
23411620,1,0.14285715,0,4.0085716,8
23415700,0,0,0,0,8
23423820,0,0,0,0,8
23431920,1,0,0,0,8
23440050,0,0,0,0,8
23500619,1,1,0,8.8,8
23508700,0,1,0,8.8,8
23512829,0,1,0,8.8,8
23520969,0,1,0,8.8,8
23529369,0,1,0,8.8,8
23533139,0,1,0,8.8,8
23541250,0,1,0,8.8,8
23549380,0,1,0,8.8,8
23711059,0,1,0,8.8,8
23715099,0,1,0,8.8,8
23723199,1,1,0,8.8,8
23727209,0,1,0,8.8,8
23735219,0,0,0,6.6400004,8
23743329,0,0,0,6,8
23763639,0,1,0,8.8,8
23836289,0,1,0,8.8,8
23840309,0,1,0,8.8,8
23848400,0,0.25,0,6.4,8
23856649,0,0.875,0,6.55,8
23864630,1,1,0,6.7599996,8
23868669,0,1,0,6.9,8
24034569,1,0.2,0,0,8
24042649,0,0,0,0,8
24070889,1,1,0,8.8,8
24078959,0,1,0,8.8,8
24083079,0,1,0,8.8,8
24091559,0,1,0,8.8,8
24099599,1,1,0,8.8,8
24103669,0,1,0,8.8,8
24196774,1,0.125,0,0,8
24200759,0,0.875,0,5.2000004,8
24208809,0,1,0,6,8
24216999,0,0.125,0,5.35,8
24548439,0,0.875,0,8.2,8
24556529,0,0.25,0,5.5,8
24791349,0,0.875,0,8.2,8
24795389,0,0.25,0,5.5,8
24803449,1,0,0,4.6,8
24807459,0,0.5,0,4.75,8
24815569,0,0,0,4.36,8
24823719,1,0,0,4.1,8
24827800,0,0.875,0,4.5142856,8
24835920,0,0.125,0,4.375,8
24844050,1,0.625,0,4.5333332,8
24848090,0,0.875,0,4.78,8
24880549,1,1,0,8.8,8
24884599,0,1,0,8.8,8
24892649,0,0.125,0,6.2000004,8
24900779,0,0.875,0,6.4,8
24908889,0,1,0,6.6400004,8
24917054,0,1,0,6.8,8
24925131,0,1,0,6.914285,8
24937269,1,0.5,0,4.8,8
24945379,0,0.125,0,2.7,8
25046549,0,0,0,0,8
25054579,0,0,0,0,8
25062659,0,0.875,0,4.2000004,8
25070809,0,1,0,5.05,8
25074919,0,0.875,0,5.44,8
25083009,0,0,0,5,8
25091130,1,0,0,4.6857144,8
25095260,0,0,0,4.4500004,8
25103420,0,0.875,0,4.7333336,8
25204904,0,0.125,0,0,8
25212989,0,0.875,0,5.2000004,8
25221129,0,1,0,6,8
25225179,0,1,0,6.4,8
25233320,0,0.125,0,5.8,8
25241359,0,0.875,0,6,8
25245360,0,1,0,6.2285716,8
25253380,0,1,0,6.4,8
25261450,0,1,0,6.533334,8
25265510,0,0.75,0,6.52,8
25273590,0,1,0,6.94,8
25301799,0,1,0,8.8,8
25305879,0,1,0,8.8,8
25313949,0,0.125,0,6.2000004,8
25463769,0,0.875,0,8.2,8
25467889,0,1,0,8.5,8
25565019,0,0.125,0,0,8
25573241,0,0.875,0,5.2000004,8
25763490,0,0.125,0,0,8
25771479,0,0.875,0,5.2000004,8
25779569,1,1,0,6,8
25783659,0,1,0,6.4,8
25791689,0,1,0,6.6400004,8
25799805,1,1,0,6.8,8
25803810,0,1,0,6.914285,8
25811941,0,1,0,7,8
25820020,1,1,0,7.066667,8
25828150,0,1,0,7.12,8
25848659,0,1,0,8.8,8
25856411,1,1,0,8.8,8
26050149,0,0.75,0,7.6,8
26058290,0,0.875,0,7.9,8
26078559,0,1,0,8.8,8
26086639,0,1,0,8.8,8
26094649,1,1,0,8.8,8
26102749,1,1,0,8.8,8
26471416,1,1,0,8.8,8
26475509,0,0.125,0,5.5,8
26483659,0,0.875,0,6,8
26491679,1,1,0,6.4,8
26499809,0,1,0,6.6400004,8
26503849,0,1,0,6.8,8
26512030,1,1,0,6.914285,8
26516060,0,0.25,0,6.55,8
26524130,0,0.875,0,6.6,8
26589099,0,1,0,8.8,8
26597149,0,1,0,8.8,8
26605239,0,1,0,8.8,8
26985359,0,1,0,8.8,8
26989400,0,1,0,8.8,8
26997479,0,0.125,0,6.2000004,8
27005579,1,0,0,5.35,8
27009569,0,0,0,4.84,8
27017640,0,0.875,0,5.2000004,8
27025670,0,0.125,0,4.9428572,8
27041779,1,0.625,0,5.4,8
27045849,0,0,0,2.7,8
27053959,0,0,0,0,8
27062119,1,0,0,0,8
27070269,0,0.875,0,4.2400004,8
27192079,0,1,0,8.8,8
27220279,0,1,0,8.8,8
27228339,1,1,0,8.8,8
27232349,0,1,0,8.8,8
27240409,0,1,0,8.8,8
27248499,0,1,0,8.8,8
27252549,0,1,0,8.8,8
27260630,0,1,0,8.8,8
27268700,0,1,0,8.8,8
27276740,0,1,0,8.8,8
27296939,0,1,0,8.8,8
27305079,1,0.125,0,5.5,8
27309130,0,0.875,0,6,8
27483269,1,1,0,8.8,8
27491400,0,0,0,5.2000004,8
27495489,0,0,0,4.4,8
27503589,0,0,0,0,8
27511599,1,0,0,0,8
27515669,0,0,0,0,8
27539999,1,0,0,0,8
27548149,0,0,0,0,8
27600569,0,0,0,0,8
27608689,1,0,0,0,8
27653409,0,0,0,0,8
27657429,0,0,0,0,8
27665439,0,0,0,0,8
27673599,0,0,0,0,8
27681609,1,1,0,0,8
27685669,0,0,0,0,8
27714262,1,0,0,0,8
27722419,0,0.375,0,0,8
28002400,0,0.125,0,0,8
28006499,0,0,0,0,8
28014549,0,0,0,0,8
28042939,0,0.875,0,8.2,8
28047039,0,0.125,0,5.2000004,8
28055059,0,0.25,0,4.8,8
28063099,1,0,0,4.3,8
28067139,0,0,0,4,8
28241159,1,0,0,0,8
28245179,0,0,0,0,8
28253219,0,0.375,0,0,8
28269549,0,1,0,8.8,8
28496249,0,1,0,8.8,8
28504339,1,1,0,8.8,8
28512469,0,1,0,8.8,8
28516509,0,1,0,8.8,8
28524639,0,0.75,0,8.56,8
28532759,1,0,0,6.6,8
28536760,0,0,0,6.0571428,8
28544880,0,0.875,0,6.175,8
28552911,0,1,0,6.3333336,8
28569114,0,1,0,8.8,8
28577189,0,1,0,8.8,8
28585539,0,0.125,0,6.2000004,8
28589579,0,0.875,0,6.4,8
28597749,0,1,0,6.6400004,8
28605839,0,1,0,6.8,8
28609950,0,1,0,6.914285,8
28618240,1,1,0,7,8
28626130,0,1,0,7.066667,8
28630160,0,1,0,7.12,8
28638270,1,0,0,6.6400004,8
28751589,1,1,0,8.8,8
28755609,0,1,0,8.8,8
28763769,0,1,0,8.8,8
28779969,0,1,0,8.8,8
28788059,0,1,0,8.8,8
28901519,0,0.125,0,0,8
28990459,0,0.875,0,8.2,8
28998599,0,1,0,8.5,8
29002609,0,1,0,8.6,8
29010679,0,1,0,8.650001,8
29200719,0,1,0,8.8,8
29208739,0,1,0,8.8,8
29439969,0,1,0,8.8,8
29448049,0,1,0,8.8,8
29456089,0,1,0,8.8,8
29800279,0,1,0,8.8,8
29893459,0,1,0,8.8,8
29897539,0,1,0,8.8,8
29978679,1,1,0,8.8,8
29986719,0,1,0,8.8,8
29990759,0,1,0,8.8,8
30310050,1,1,0,8.8,8
30318249,0,1,0,8.8,8
30322279,0,1,0,8.8,8
30330354,0,1,0,8.8,8
30459909,0,1,0,8.8,8
30468230,0,0.375,0,6.1,8
30476401,0,0.125,0,5.2000004,8
30484484,0,0.875,0,5.65,8
30492579,0,0.125,0,5.2000004,8
30496680,0,0.125,0,4.9,8
30504750,0,0.375,0,4.857143,8
30512950,0,1,0,5.2000004,8
30516990,0,1,0,5.4666668,8
30525090,0,0.625,0,5.5,8
30533170,0,0.875,0,5.44,8
30537270,0,1,0,5.74,8
30545401,0,0.375,0,5.86,8
30553470,0,1,0,5.9199996,8
30557461,0,1,0,6.3399996,8
30565520,0,1,0,6.7600008,8
30573640,0,1,0,7.06,8
30581780,0,1,0,7.06,8
30585860,0,1,0,7.06,8
30594040,1,1,0,7.2400004,8
30602120,0,1,0,7.3,8
30610240,0,1,0,7.3,8
30618370,0,0.25,0,7.2400004,8
30626480,1,0.875,0,7.1800002,8
30634590,0,1,0,7.1800002,8
31612969,0,1,0,8.8,8
31693989,0,1,0,8.8,8
31702069,1,1,0,8.8,8
31706099,0,0.625,0,7,8
31714140,0,0,0,5.9500004,8
31722229,0,0.875,0,6.16,8
31726289,0,1,0,6.4,8
31734430,0,1,0,6.571429,8
31742490,1,1,0,6.7000004,8
31746570,0,1,0,6.8,8
31754880,0,1,0,6.8800008,8
31762810,1,1,0,6.8800008,8
31766890,0,1,0,6.8800008,8
31774981,0,1,0,7.06,8
32204149,0,1,0,8.8,8
32208189,0,0,0,5.2000004,8
32216329,0,0,0,4.4,8
32224401,0,1,0,5.2000004,8
32228480,0,1,0,5.6800004,8
32236549,0,1,0,6,8
32244640,1,1,0,6.2285716,8
32252720,0,1,0,6.4,8
32256800,0,1,0,6.533334,8
32264900,0,1,0,6.6400004,8
32742289,0,1,0,8.8,8
33013309,0,0.125,0,0,8
33017329,0,0.875,0,5.2000004,8
33025402,0,1,0.0037598014,6,8
33033490,1,1,0.003955126,6.4,8
33102439,0,1,0,8.8,8
33110509,0,1,0.00666517,8.8,8
33833960,1,0.125,0.024097026,0,8
33838010,0,0,0.024316788,0,8
33846081,0,0,0.024585306,0,8
33858240,0,0.875,0.024341166,8.2,8
33862290,0,0.5,0.056446136,6.1,8
33870370,0,0,0.055591644,5,8
33878490,1,0,0.054200052,4.4500004,8
33882570,0,0.875,0.05324793,4.96,8
33890651,0,0.125,0.052661896,4.7000004,8
34306900,0,0.875,0.03762269,8.2,8
34314940,0,1,0.07111007,8.5,8
34323060,1,0.125,0.07360035,6,8
34327181,0,0.375,0.07513845,5.65,8
34335370,0,1,0.078971508,6.0400004,8
34343470,1,1,0.08246279,6.3,8
34347550,0,0.125,0.08368349,5.8857144,8
34602280,0,0.875,0.12718094,8.2,8
34610320,1,1,0.14895856,8.5,8
34614401,0,1,0.15013045,8.6,8
34622470,0,0.125,0.15335316,6.4,8
34662830,0,0.875,0.15303576,8.2,8
34670941,1,0.125,0.172542932,5.2000004,8
34679120,0,0,0.17483788,4.4,8
34683100,0,0,0.1761074,0,8
34691130,0,0.875,0.178304732,4.6,8
34699190,0,0.125,0.18077058,4.4,8
34703265,0,0.75,0.18172276,4.6857144,8
34751780,0,1,0.18079496,8.8,8
34760080,0,1,0.19523918,8.8,8
34768160,0,1,0.19599604,8.8,8
34776300,0,1,0.197216752,8.8,8
34820900,0,0.125,0.19213856,0,8
34833010,1,0.875,0.19284654,8.2,8
34837060,0,1,0.20539564,8.5,8
34845150,0,0.375,0.20544446,6.4,8
34853290,1,0.5,0.20583504,6.1,8
34857320,0,0,0.20610362,5.44,8
34865402,0,0.875,0.20717782,5.7000004,8
34873536,1,0.625,0.2076661,5.714286,8
34877581,0,1,0.208007932,5.9500004,8
34885720,0,1,0.2084474,6.133333,8
34962450,0,1,0.20810556,8.8,8
34970550,1,1,0.22202182,8.8,8
34974540,0,1,0.22399938,8.8,8
35063420,0,1,0.26844896,11,8
35071560,0,1,0.27269704,11,8
35079670,1,1,0.2764569,11,8
35083660,0,1,0.27860528,11,8
35091780,0,1,0.28253604,11,8
35099833,1,1,0.2855146,11,8
35103940,0,0.125,0.28658884,8.75,8
35112020,0,0,0.28863966,8.09375,8
35120120,0,0.875,0.29069042,8.166667,8
35261770,0,1,0.32132144,11,8
35269880,1,1,0.32232244,11,8
35278010,0,1,0.32373846,11,8
35282020,0,1,0.32471502,11,8
35290110,1,1,0.32596016,11,8
35298140,0,1,0.32915844,11,8
35302200,0,1,0.33008624,11,8
35310240,0,1,0.3320638,11,8
35314310,0,1,0.33335776,11,8
35322371,0,1,0.33599448,11,8
35330501,0,1,0.3379721,11,8
35334531,0,1,0.339095168,11,8
35346710,0,1,0.34410012,11,8
35354830,0,1,0.3464195,11,8
35403310,0,1,0.36138552,11,8
35411382,0,1,0.363241032,11,8
35419450,0,1,0.36482792,11,8
35427610,0,1,0.36607312,11,8
35609840,0,1,0.38049288,11,8
35613900,0,1,0.37998016,11,8
35621960,1,1,0.379101216,11,8
35626010,0,1,0.3782956,11,8
35771930,0,1,0.3625086,11,8
35893360,0,1,0.35374384,11,8
35901430,1,1,0.3535241,11,8
35905440,0,1,0.353353136,11,8
35921640,0,1,0.3524254,11,8
35929770,0,1,0.352376568,11,8
35937950,1,1,0.351912732,11,8
35941960,0,0,0.35193712,8,8
36042819,0,0,0.34788436,0,8
36440320,0,1,0.3608728,11,8
36464630,0,1,0.367708868,11,8
36468700,0,1,0.369002832,11,8
36476790,0,1,0.37141984,11,8
36484930,1,1,0.37570764,11,8
36488940,0,1,0.37685508,11,8
36497010,0,1,0.37956512,11,8
36505070,1,1,0.3814695,11,8
36513221,0,1,0.383398168,11,8
36517240,0,1,0.38410616,11,8
36525370,0,0.125,0.3849607,8.975,8
36533481,0,0.875,0.3862303,8.9,8
36614360,0,1,0.39538568,11,8
36622560,0,1,0.39687496,11,8
36630590,0,1,0.399218736,11,8
37184630,0,1,0.4547524,11,8
37192760,0,0,0.45416648,6.5,8
37200810,1,0,0.451554168,5.5,8
37204830,0,0,0.45101696,0,8
37212940,0,0,0.44935684,0,8
37273770,0,0,0.43544972,0,8
37281949,0,0,0.4352544,0,8
37286010,0,0,0.4339605,0,8
37294090,1,1,0.431421336,5,8
37302130,0,1,0.33594568,5.9,8
20970,0,1,0.431226016,11,8
85820,0,1,0.41528344,11,8
93950,1,0,0.41716336,6.5,8
97990,0,0,0.41892116,5.5,8
106060,0,0,0.4225101,0,8
114160,1,0,0.4240238,0,8
118260,0,0,0.42522012,0,8
126400,0,0,0.42648964,0,8
134541,1,0,0.426660536,0,8
138571,0,0,0.426831432,0,8
146610,0,0,0.4267338,0,8
154691,1,0,0.426343136,0,8
158731,0,0,0.4258793,0,8
166931,0,0,0.423901736,0,8
174963,1,0,0.420630216,0,8
179031,0,0,0.419092068,0,8
187171,0,0,0.41491724,0,8
195183,0,0,0.41101092,0,8
199211,0,0,0.40900892,0,8
207321,0,0,0.40686048,0,8
